name,email,phone,address,password
Mohamed,Mohamed221234as@gmail.com,1111111111,street of el rhma,mohamedtest
Aly Ehab2,Aly1342.ehabelagoz@yahoo.com,2200110033,Aly Street,testtest
fady,fady12234@gmail.com,1200120012,fady Street,testtest
Mohamed-doppelganger,Mohamed299212as@gmail.com,1111111111,street of el rhma,mohamedtest
Aly-doppelganger Ehab2,Aly1929.ehabelagoz@yahoo.com,2200110033,Aly Street,testtest
fady-doppelganger,fady1229@gmail.com,1200120012,fady Street,testtest
Mohamed,Mohamed22182as@gmail.com,1111111111,street of el rhma,mohamedtest
Aly-doppelganger-doppelganger Ehab2,Aly172.ehabelagoz@yahoo.com,2200110033,Aly Street,testtest
fady-doppelganger-doppelganger,fady1272@gmail.com,1200120012,fady Street,testtest
Mohamed-doppelganger-doppelganger,Mohamed22152as@gmail.com,1111111111,street of el rhma,mohamedtest
Aly-doppelganger-doppelganger Ehab2,Aly152.ehabelagoz@yahoo.com,2200110033,Aly Street,testtest
fady-doppelganger-doppelganger-doppelganger,fady1252@gmail.com,1200120012,fady Street,testtest